person_age,person_income,person_home_ownership,loan_amnt,loan_intent,loan_int_rate,credit_score,previous_loan_defaults_on_file,debt_to_income_ratio
23.0,77878.31003677289,3,10095.73128224306,4,11.60986373373932,657,0,0.12963467490529645
25.62010517243654,35267.419444826024,3,8652.40210344873,3,13.197929068979011,673,0,0.24533999024452985
34.0,60785.0,3,4000.0,0,12.77,563,1,0.0658057086452249
25.0,187045.0,0,22000.0,4,16.0,658,0,0.1176187548450907
24.0,41663.0,3,10000.0,2,12.69,662,0,0.2400211218587235
26.979047794125783,87498.2707886027,0,12000.0,1,14.942981011032137,649,0,0.1371456871523732
32.43389892434688,42800.93511090509,3,5000.0,2,7.063099017056295,649,0,0.1168198847484878
33.0,29963.0,3,1600.0,1,8.88,663,1,0.0533991923372159
21.749403059803928,46401.5439376902,3,18249.403059803928,1,8.880407098754874,592,0,0.39324601071989884
23.0,68327.0,0,10000.0,1,13.61,670,1,0.1463550280269878
22.0,100335.0,3,12000.0,0,11.71,636,0,0.1195993422036178
25.0,144853.0,0,10000.0,3,6.65,578,1,0.069035504960201
32.0,46143.0,3,7000.0,5,9.91,679,1,0.1517023167110937
22.0,72936.0,3,10900.0,4,15.65,655,0,0.1494460897224964
28.758573623676924,140219.25789116698,0,24966.587101150137,3,13.386378604355155,682,0,0.17805391711552743
25.0,240907.0,2,24000.0,5,12.18,530,1,0.0996235061662799
31.0,60970.0,3,10000.0,3,12.69,615,1,0.1640150893882237
28.19202811829832,106052.45048858412,1,8465.780902033146,4,12.705442483400654,593,0,0.07982762505374359
37.0,30783.0,2,10625.0,5,13.06,649,1,0.3451580417763051
24.0,45734.0,3,9500.0,3,10.99,581,0,0.2077229194909695
25.61653629989335,28126.759441450908,1,3327.067037486669,4,12.229542441614289,648,0,0.11829321595316122
27.0,65897.0,3,25000.0,0,17.78,538,0,0.379379941423737
21.44123821667756,51304.498530443074,3,4982.3504713328975,3,11.29768731727377,698,0,0.09711263881954452
22.629918981955186,50275.889756945864,3,4000.0,4,8.763538774090822,674,0,0.0795609989525564
23.701806174006535,29883.973645369497,3,10000.0,1,10.39682268474755,668,0,0.33462752111752536
30.48403040643924,32267.02325835273,3,5000.0,3,13.989569712488057,666,0,0.1549675643494547
27.44223606738725,47844.05590168468,3,12000.0,0,12.358208708755273,655,0,0.2508150262036941
26.0,270870.0,3,3000.0,1,9.32,681,0,0.011075423634954
21.0,119036.0,0,15000.0,3,11.36,577,1,0.1260122988003629
24.89494223012164,94771.50562384658,0,19947.47111506082,1,17.32362001777369,671,0,0.21048176958207826
22.350939749428615,77798.12443348515,3,10078.96144362144,1,12.746150359908578,645,0,0.1295525393086472
35.0,74831.0,3,30000.0,3,12.54,644,0,0.4009033689246435
40.63541729649403,37094.45833081402,3,8000.0,0,11.492018917287687,643,0,0.2156658707861595
22.0,100074.0,3,18000.0,5,15.27,652,0,0.1798668984951136
35.0,68428.0,0,5801.0,3,13.35,636,0,0.0847752382065821
25.0,65852.0,0,7000.0,5,18.64,688,0,0.1062989734556277
25.0,60425.0,3,12000.0,3,7.14,593,0,0.1985932974762101
32.0,30848.0,3,10000.0,3,8.49,648,0,0.3241701244813278
37.956498976956226,166639.69339871866,0,20267.658012410728,1,13.185262005165793,608,0,0.12162658744802411
23.0,31004.0,0,4750.0,4,13.57,634,0,0.1532060379305896
25.0,38466.0,0,6000.0,0,5.79,565,1,0.1559819060988925
33.600644701070216,58543.00787908107,1,7132.985314543617,3,12.117553729579225,633,0,0.12183561588970002
22.0,31240.0,3,1000.0,0,15.95,682,0,0.0320102432778489
52.0,66832.0,3,20000.0,2,7.49,704,0,0.2992578405554225
22.335785976924406,18231.431439076976,3,1758.2107011537796,4,15.072327749460992,646,0,0.09644419326356185
25.0,35776.0,3,6000.0,3,13.49,635,0,0.1677101967799642
29.0,58581.0,2,6000.0,5,14.27,591,1,0.1024222870896707
28.0,123155.0,0,10000.0,5,12.18,669,1,0.0811984897080914
23.0,78953.0,3,3000.0,5,13.61,676,0,0.0379972895266804
23.0,65805.0,0,13500.0,3,9.63,550,1,0.2051515842261226
24.0,42784.455545214994,3,12000.0,3,6.790340273345932,655,0,0.2804760426311796
23.0,85524.0,0,14500.0,1,5.99,656,1,0.1695430522426453
32.0,73017.0,3,7000.0,2,7.51,467,1,0.0958680855143322
34.0,45517.0,3,11000.0,5,10.93,571,0,0.2416679482391194
24.84337873777593,48985.30136213328,3,13294.096348835568,4,15.367465946668055,672,0,0.27138952307302644
27.0,108925.0,0,10000.0,0,7.14,641,0,0.091806288730778
24.0,216777.0,0,4910.0,5,9.41,545,1,0.0226500043823837
25.0,73235.0,3,9000.0,5,11.52,629,1,0.1228920598074691
24.794654454653127,51333.13363863367,3,6867.355276161816,3,17.057679267279187,700,0,0.13378070705000064
24.0,59762.398127620836,3,7000.0,1,7.49,571,0,0.1171305449156143
23.698739162759335,90112.97943274616,2,6617.850012391078,3,12.258526925921164,670,0,0.07344432154766226
24.0,102960.0,0,4000.0,1,7.31,486,1,0.0388500388500388
39.0,81429.0,3,9800.0,1,16.29,663,1,0.1203502437706468
25.74390044069167,41683.54876916392,1,4000.0,1,13.849878281919304,647,0,0.09596113523284
23.0,57510.0,3,4000.0,0,11.98,564,1,0.0695531211963136
24.0,60019.0,2,4000.0,1,13.06,660,1,0.0666455622386244
34.0,78901.0,0,3000.0,4,11.99,611,1,0.0380223317828671
21.0,133205.0,0,14000.0,5,9.99,654,0,0.1051011598663713
22.608118507778148,95134.69032968633,0,11013.513744617292,0,17.719725107654156,645,0,0.11576700531410852
26.0,51520.0,3,4856.0,1,13.37,646,0,0.0942546583850931
26.0,80625.0,0,10000.0,5,7.88,630,1,0.1240310077519379
24.0,37117.0,3,15000.0,0,15.52,657,0,0.4041274887517849
21.0,45428.0,3,3000.0,1,6.39,660,1,0.0660385665228493
23.0,133563.0,3,7000.0,5,9.78,704,1,0.0524097242499794
29.0,34535.0,3,5000.0,3,17.51,632,0,0.1447806573041841
23.0,46876.0,3,8000.0,3,6.17,666,0,0.1706630258554484
22.0,27153.0,3,3000.0,1,13.49,534,1,0.1104850292785327
26.925095412991396,39132.09473814183,3,12000.0,3,10.826222736579238,651,0,0.3066544545785891
29.0,86509.0,0,4000.0,0,7.14,605,0,0.0462379636800795
39.0,133010.0,0,10848.0,5,12.25,518,1,0.0815577776107059
27.118600165281755,26422.490603470917,3,8000.0,1,14.317337420802492,615,0,0.3027790934057318
32.284280573588646,29770.721282918345,3,1015.0457074314515,3,14.610373350693022,596,0,0.034095339709175936
38.2400194846292,79483.58362162187,3,20000.0,3,13.107948328100626,693,0,0.2516249474596061
23.0,39532.0,3,5000.0,4,9.91,673,0,0.126479813821714
23.0,96973.0,3,12000.0,3,12.42,662,1,0.1237457849092015
23.0,77850.0,0,8000.0,0,10.99,635,0,0.102761721258831
30.78854140864718,41783.790893092744,3,8996.682812112971,3,12.411890419874508,649,0,0.21531567361536963
28.144468180037446,58013.28724726183,3,13472.651398464419,3,10.9711401459573,666,0,0.23226902008004152
28.0,28205.0,3,3000.0,1,9.19,587,0,0.1063641198369083
27.0,87487.0,3,25000.0,0,15.95,637,0,0.2857567410015202
28.0,71728.0,0,5483.0,1,6.95,569,1,0.0764415569930849
22.0,36947.0,3,8000.0,5,12.53,597,1,0.2165263756191301
28.651594030875877,48087.30881198731,0,12000.0,1,13.571744119284363,583,0,0.24954857672680694
24.0,73039.0,3,12000.0,1,8.9,596,1,0.1642957871821903
39.275824715547536,20994.727799121378,2,3387.241752844525,2,9.546148990423118,653,0,0.16132618793632927
23.852714116893132,115262.05470611512,3,35000.0,5,9.944382095251285,594,0,0.3036693849172069
26.0,65519.0,3,2354.0,3,14.56,631,0,0.0359285092873822
24.184310380019504,172356.9299938766,2,9184.310380019506,4,16.781758684035108,670,0,0.05328746374478583
25.0,118055.0,0,8000.0,4,7.49,650,1,0.0677650247765871
42.0,118491.0,0,18000.0,1,11.58,710,1,0.1519102716662025
